,AA number,SSE persistency,Norm. diff. simulated shift (holo30 minus apo30)
0,1,0.0,0.0
1,2,0.0,0.0
2,3,0.0,0.0
3,4,0.14070316337264588,0.14070316337264588
4,5,0.001124153888566531,0.001124153888566531
5,6,0.00028732809738370136,0.00028732809738370136
6,7,0.00011842511773273055,0.00011842511773273055
7,8,0.00010143830377907987,0.00010143830377907987
8,9,9.577603246127129e-05,9.577603246127129e-05
9,10,0.0002764861346901212,0.0002764861346901212
10,11,0.00145362730087272,0.00145362730087272
11,12,0.0008568046007755575,0.0008568046007755575
12,13,0.05655759705816694,0.05655759705816694
13,14,0.0,0.0
14,15,0.0,0.0
15,16,0.05366021925923123,0.05366021925923123
16,17,0.8227579424374141,0.8227579424374141
17,18,0.9627270695464935,0.9627270695464935
18,19,0.7493634529276886,0.7493634529276886
19,20,0.20687442848459653,0.20687442848459653
20,21,0.41285663100068437,0.41285663100068437
21,22,0.09607098532175186,0.09607098532175186
22,23,0.09607098532175186,0.09607098532175186
23,24,0.43710929724682024,0.43710929724682024
24,25,0.20575860714302618,0.20575860714302618
25,26,0.17570816113138354,0.17570816113138354
26,27,0.9513551375605384,0.9513551375605384
27,28,0.9605968651671319,0.9605968651671319
28,29,0.3747012870374877,0.3747012870374877
29,30,0.2701361869550728,0.2701361869550728
30,31,0.0,0.0
31,32,0.00844672541037231,0.00844672541037231
32,33,0.0034427574772304447,0.0034427574772304447
33,34,0.00010143830377907987,0.00010143830377907987
34,35,0.0,0.0
35,36,0.0,0.0
36,37,0.0,0.0
37,38,0.0,0.0
38,39,0.0,0.0
39,40,0.00010710057509700092,0.00010710057509700092
40,41,0.0012281016080433259,0.0012281016080433259
41,42,0.019500090290706974,0.019500090290706974
42,43,0.0,0.0
43,44,0.0,0.0
44,45,0.0,0.0
45,46,0.01450529137646055,0.01450529137646055
46,47,0.0,0.0
47,48,0.0,0.0
48,49,0.0,0.0
49,50,0.00010143830377907987,0.00010143830377907987
50,51,0.0038036951017461074,0.0038036951017461074
51,52,0.027316308921040335,0.027316308921040335
52,53,0.0,0.0
53,54,0.00010710057509700092,0.00010710057509700092
54,55,0.08663448845062335,0.08663448845062335
55,56,0.08695579017591422,0.08695579017591422
56,57,0.08685435187213511,0.08685435187213511
57,58,0.34012263257138564,0.34012263257138564
58,59,0.9297150626036481,0.9297150626036481
59,60,1.0,1.0
60,61,0.10521240064443087,0.10521240064443087
61,62,0.0175871434011714,0.0175871434011714
62,63,0.0019278103517451168,0.0019278103517451168
63,64,0.002034910926842005,0.002034910926842005
64,65,0.0014994080513573381,0.0014994080513573381
65,66,0.00010710057509700092,0.00010710057509700092
66,67,0.0005071915188956243,0.0005071915188956243
67,68,0.05061771358578031,0.05061771358578031
68,69,0.050516275282001234,0.050516275282001234
69,70,0.8192660904940986,0.8192660904940986
70,71,0.8417587555202721,0.8417587555202721
71,72,0.8404508995338374,0.8404508995338374
72,73,0.0,0.0
73,74,0.0,0.0
74,75,0.0,0.0
75,76,0.0,0.0
76,77,0.000857287180717257,0.000857287180717257
77,78,0.0011044967989345988,0.0011044967989345988
78,79,0.0,0.0
79,80,0.005172870912793173,0.005172870912793173
80,81,0.006516630846902406,0.006516630846902406
81,82,0.0012172596453494083,0.0012172596453494083
82,83,0.0015215745566867604,0.0015215745566867604
83,84,0.0,0.0
84,85,0.0,0.0
85,86,0.00010710057509700092,0.00010710057509700092
86,87,0.0,0.0
87,88,0.0,0.0
88,89,0.0,0.0
89,90,0.0,0.0
90,91,0.0,0.0
91,92,0.00021420115019388938,0.00021420115019388938
92,93,0.00010710057509700092,0.00010710057509700092
93,94,0.041218311026182744,0.041218311026182744
94,95,0.26709152575788137,0.26709152575788137
95,96,0.0029638773149239755,0.0029638773149239755
96,97,0.0,0.0
97,98,0.0,0.0
98,99,0.7812719604034791,0.7812719604034791
99,100,0.0,0.0
100,101,0.00012408738905053915,0.00012408738905053915
101,102,0.0005581519607561265,0.0005581519607561265
102,103,0.0,0.0
103,104,0.18200380253690981,0.18200380253690981
104,105,0.15011350441092555,0.15011350441092555
105,106,0.13649294292787623,0.13649294292787623
106,107,0.13993618298504848,0.13993618298504848
107,108,0.1059170960475319,0.1059170960475319
108,109,0.0,0.0
109,110,0.01824444945398193,0.01824444945398193
110,111,0.031173634740325,0.031173634740325
111,112,0.00010710057509700092,0.00010710057509700092
112,113,0.0,0.0
113,114,0.0,0.0
114,115,0.0,0.0
115,116,0.00010710057509700092,0.00010710057509700092
116,117,0.0,0.0
117,118,0.004315744592056258,0.004315744592056258
118,119,0.002343601229652296,0.002343601229652296
119,120,0.04892109119818262,0.04892109119818262
120,121,0.016169420047973004,0.016169420047973004
121,122,0.01713152359206257,0.01713152359206257
122,123,0.01713152359206257,0.01713152359206257
123,124,0.01713152359206257,0.01713152359206257
124,125,9.577603246127129e-05,9.577603246127129e-05
125,126,1.1324542635617165e-05,1.1324542635617165e-05
126,127,0.00010710057509700092,0.00010710057509700092
127,128,0.000225525692829619,0.000225525692829619
128,129,5.662271317921055e-06,5.662271317921055e-06
129,130,0.0002028766075582722,0.0002028766075582722
130,131,0.0,0.0
131,132,1.1324542635617165e-05,1.1324542635617165e-05
132,133,0.00010710057509700092,0.00010710057509700092
133,134,0.04725673732269724,0.04725673732269724
134,135,0.0,0.0
135,136,0.0,0.0
136,137,0.04725673732269724,0.04725673732269724
137,138,0.00010710057509700092,0.00010710057509700092
138,139,0.0,0.0
139,140,0.0,0.0
140,141,0.0034328806744202633,0.0034328806744202633
141,142,0.0011606369321713224,0.0011606369321713224
142,143,0.006629265005332605,0.006629265005332605
143,144,0.006629265005332605,0.006629265005332605
144,145,0.006629265005332605,0.006629265005332605
145,146,0.0006482657218995891,0.0006482657218995891
146,147,0.0003774418585271641,0.0003774418585271641
147,148,0.011268209470451157,0.011268209470451157
148,149,0.011178095709307695,0.011178095709307695
149,150,0.011178095709307695,0.011178095709307695
150,151,0.011070995134210806,0.011070995134210806
151,152,9.01137611434627e-05,9.01137611434627e-05
152,153,0.0008676465634694751,0.0008676465634694751
153,154,0.0005071915188956243,0.0005071915188956243
154,155,0.0005071915188956243,0.0005071915188956243
155,156,0.0002929903687017349,0.0002929903687017349
156,157,0.0,0.0
157,158,0.0,0.0
158,159,0.0,0.0
159,160,0.0,0.0
160,161,0.00038310412984508515,0.00038310412984508515
161,162,0.0004816469539729554,0.0004816469539729554
162,163,0.0055895304345956595,0.0055895304345956595
163,164,2.2649085271459276e-05,2.2649085271459276e-05
164,165,0.0,0.0
165,166,0.0,0.0
166,167,0.006251565770836444,0.006251565770836444
167,168,0.0,0.0
168,169,0.0,0.0
169,170,0.0,0.0
170,171,0.0003043149113373521,0.0003043149113373521
171,172,0.0002764861346901212,0.0002764861346901212
172,173,0.8425014782227919,0.8425014782227919
173,174,0.843798009666591,0.843798009666591
174,175,0.8582622495759972,0.8582622495759972
175,176,0.9895361869486383,0.9895361869486383
176,177,0.9627327318178115,0.9627327318178115
177,178,0.9009363112547969,0.9009363112547969
178,179,1.1324542635617165e-05,1.1324542635617165e-05
179,180,0.011191704463668099,0.011191704463668099
180,181,0.035894360419590925,0.035894360419590925
181,182,0.0014201362529076805,0.0014201362529076805
182,183,0.0,0.0
183,184,0.0005916430087210535,0.0005916430087210535
184,185,0.00010143830377907987,0.00010143830377907987
185,186,0.0,0.0
186,187,0.0,0.0
187,188,0.0,0.0
188,189,0.000597305280039087,0.000597305280039087
189,190,0.02679309574807502,0.02679309574807502
190,191,0.0673019177437341,0.0673019177437341
191,192,0.0673019177437341,0.0673019177437341
192,193,0.0673019177437341,0.0673019177437341
193,194,0.0,0.0
194,195,0.0,0.0
195,196,0.0,0.0
196,197,0.0,0.0
197,198,0.0,0.0
198,199,0.0,0.0
199,200,0.0,0.0
200,201,0.03896266803393362,0.03896266803393362
201,202,0.005173353492735098,0.005173353492735098
202,203,0.003246025720931793,0.003246025720931793
203,204,0.004922186718994717,0.004922186718994717
204,205,0.0,0.0
205,206,0.00021420115019388938,0.00021420115019388938
206,207,0.06838601749712608,0.06838601749712608
207,208,0.004333053125971042,0.004333053125971042
208,209,0.0,0.0
209,210,0.00010143830377907987,0.00010143830377907987
210,211,0.00010710057509700092,0.00010710057509700092
211,212,0.0,0.0
212,213,0.0,0.0
213,214,0.000225525692829619,0.000225525692829619
214,215,0.005374557156494893,0.005374557156494893
215,216,0.012320716323649493,0.012320716323649493
216,217,0.0001858897936046215,0.0001858897936046215
217,218,0.006959253169577012,0.006959253169577012
218,219,0.006959253169577012,0.006959253169577012
219,220,5.662271317921055e-06,5.662271317921055e-06
220,221,0.0,0.0
221,222,0.002863886750970332,0.002863886750970332
222,223,0.023817411310573616,0.023817411310573616
223,224,0.0,0.0
224,225,0.018771265890512857,0.018771265890512857
225,226,0.017182226657954092,0.017182226657954092
226,227,0.01697935005039571,0.01697935005039571
227,228,0.019289781952044213,0.019289781952044213
228,229,0.02176676827762676,0.02176676827762676
229,230,0.0007501866056203685,0.0007501866056203685
230,231,0.0,0.0
231,232,0.0,0.0
232,233,0.0,0.0
233,234,0.00010710057509700092,0.00010710057509700092
234,235,0.0,0.0
235,236,0.0,0.0
236,237,0.0,0.0
237,238,0.0,0.0
238,239,0.0,0.0
239,240,0.0,0.0
240,241,0.0,0.0
241,242,0.0001632407083333872,0.0001632407083333872
242,243,0.05430050632609215,0.05430050632609215
243,244,0.052306196458358656,0.052306196458358656
244,245,0.0,0.0
245,246,0.0,0.0
246,247,0.0,0.0
247,248,0.14070316337264588,0.14070316337264588
248,249,0.0,0.0
249,250,0.0,0.0
250,251,0.0,0.0
251,252,0.0,0.0
252,253,0.0,0.0
