,AA number,SSE persistency,Norm. diff. simulated shift (apo50 minus apo30)
0,1,0.0,0.0
1,2,0.0,0.0
2,3,0.0,0.0
3,4,0.041148831453521786,0.041148831453521786
4,5,0.005847404571192496,0.005847404571192496
5,6,0.00023935096721375632,0.00023935096721375632
6,7,0.00024075322540540418,0.00024075322540540418
7,8,3.505645480126479e-07,3.505645480126479e-07
8,9,0.00012002604815462232,0.00012002604815462232
9,10,0.00023759814447396157,0.00023759814447396157
10,11,0.002182554433305716,0.002182554433305716
11,12,0.001448726127007637,0.001448726127007637
12,13,0.05104694893398766,0.05104694893398766
13,14,0.0,0.0
14,15,0.0,0.0
15,16,0.05116802667578605,0.05116802667578605
16,17,0.12036429458978555,0.12036429458978555
17,18,0.03187197479416723,0.03187197479416723
18,19,0.5194438208827915,0.5194438208827915
19,20,0.34324014239690187,0.34324014239690187
20,21,0.3556951084519783,0.3556951084519783
21,22,0.012794675190462346,0.012794675190462346
22,23,0.012794675190462346,0.012794675190462346
23,24,0.24885589633250244,0.24885589633250244
24,25,0.3429948318323733,0.3429948318323733
25,26,0.34432668699215757,0.34432668699215757
26,27,0.5196852752372928,0.5196852752372928
27,28,0.03186461293866051,0.03186461293866051
28,29,0.2548294195219241,0.2548294195219241
29,30,0.323297153863143,0.323297153863143
30,31,0.0,0.0
31,32,0.0023738780574516743,0.0023738780574516743
32,33,0.002071292498849531,0.002071292498849531
33,34,0.00012037661270276922,0.00012037661270276922
34,35,0.0,0.0
35,36,0.0,0.0
36,37,0.0,0.0
37,38,0.0,0.0
38,39,0.0,0.0
39,40,0.00012072717725051336,0.00012072717725051336
40,41,0.003490921768378025,0.003490921768378025
41,42,0.06958460881408748,0.06958460881408748
42,43,0.0,0.0
43,44,0.0,0.0
44,45,0.0,0.0
45,46,0.031341655252164174,0.031341655252164174
46,47,0.0,0.0
47,48,0.0,0.0
48,49,0.0,0.0
49,50,0.00012037661270276922,0.00012037661270276922
50,51,0.000620112420006342,0.000620112420006342
51,52,0.00036183096720406445,0.00036183096720406445
52,53,0.00048290870900259046,0.00048290870900259046
53,54,0.00048290870900259046,0.00048290870900259046
54,55,0.006659275798921494,0.006659275798921494
55,56,0.13893769996534244,0.13893769996534244
56,57,0.14304207342731606,0.14304207342731606
57,58,0.2454065225072714,0.2454065225072714
58,59,0.5804207765826751,0.5804207765826751
59,60,0.08218856480203804,0.08218856480203804
60,61,0.02981715882907092,0.02981715882907092
61,62,0.004465503300081643,0.004465503300081643
62,63,0.0,0.0
63,64,0.00024145435450129523,0.00024145435450129523
64,65,0.0,0.0
65,66,0.0,0.0
66,67,0.0006053887089928986,0.0006053887089928986
67,68,0.0604177931574877,0.0604177931574877
68,69,0.06029671541568918,0.06029671541568918
69,70,1.0,1.0
70,71,0.9748593843288702,0.9748593843288702
71,72,0.9639953406345049,0.9639953406345049
72,73,0.0,0.0
73,74,0.0,0.0
74,75,0.0,0.0
75,76,0.0,0.0
76,77,6.6607264110320735e-06,6.6607264110320735e-06
77,78,0.0010911019343787848,0.0010911019343787848
78,79,0.00012072717725051336,0.00012072717725051336
79,80,0.012410359738459444,0.012410359738459444
80,81,0.019672920859086285,0.019672920859086285
81,82,0.0014445193524322908,0.0014445193524322908
82,83,0.0007191045952846356,0.0007191045952846356
83,84,0.0,0.0
84,85,0.0,0.0
85,86,0.000845090240754399,0.000845090240754399
86,87,0.00012072717725051336,0.00012072717725051336
87,88,0.0,0.0
88,89,0.0,0.0
89,90,0.0,0.0
90,91,0.0,0.0
91,92,0.0,0.0
92,93,0.00012072717725051336,0.00012072717725051336
93,94,0.015475297227360782,0.015475297227360782
94,95,0.25724827863740635,0.25724827863740635
95,96,0.004240876043881598,0.004240876043881598
96,97,0.0,0.0
97,98,0.0,0.0
98,99,0.42486185641335467,0.42486185641335467
99,100,0.0,0.0
100,101,0.0003611298381081734,0.0003611298381081734
101,102,0.0003607792735601607,0.0003607792735601607
102,103,0.0,0.0
103,104,0.23593150017087003,0.23593150017087003
104,105,0.21528737045279991,0.21528737045279991
105,106,0.18757200323824932,0.18757200323824932
106,107,0.19335463798710184,0.19335463798710184
107,108,0.20622981005083063,0.20622981005083063
108,109,0.0,0.0
109,110,0.00047442262925600733,0.00047442262925600733
110,111,0.022637947451824826,0.022637947451824826
111,112,0.0,0.0
112,113,0.00012072717725051336,0.00012072717725051336
113,114,0.0,0.0
114,115,0.0,0.0
115,116,0.0,0.0
116,117,0.00012072717725051336,0.00012072717725051336
117,118,0.005068389703508262,0.005068389703508262
118,119,0.0016985456769286285,0.0016985456769286285
119,120,0.027498464466838003,0.027498464466838003
120,121,0.019156007388933718,0.019156007388933718
121,122,0.05266522741787089,0.05266522741787089
122,123,0.05266522741787089,0.05266522741787089
123,124,0.052785954595121524,0.052785954595121524
124,125,7.011290958910472e-07,7.011290958910472e-07
125,126,0.00012142830634667291,0.00012142830634667291
126,127,0.0,0.0
127,128,0.00012142830634667291,0.00012142830634667291
128,129,0.00012037661270276922,0.00012037661270276922
129,130,7.011290958910472e-07,7.011290958910472e-07
130,131,0.0,0.0
131,132,0.0007236619344079946,0.0007236619344079946
132,133,0.015694533042582445,0.015694533042582445
133,134,0.04649228135440258,0.04649228135440258
134,135,0.0,0.0
135,136,0.0,0.0
136,137,0.04649228135440258,0.04649228135440258
137,138,0.015694533042582445,0.015694533042582445
138,139,0.0,0.0
139,140,0.0,0.0
140,141,0.015332000946282624,0.015332000946282624
141,142,0.014117367318269224,0.014117367318269224
142,143,0.03626526179737355,0.03626526179737355
143,144,0.03626526179737355,0.03626526179737355
144,145,0.03590308026562161,0.03590308026562161
145,146,0.00024110378995328258,0.00024110378995328258
146,147,0.014604833366395308,0.014604833366395308
147,148,0.02897312028196029,0.02897312028196029
148,149,0.028972068588316517,0.028972068588316517
149,150,0.028972068588316517,0.028972068588316517
150,151,0.024384435852792583,0.024384435852792583
151,152,0.00011967548360687816,0.00011967548360687816
152,153,0.0005976762889382313,0.0005976762889382313
153,154,1.752822739660494e-06,1.752822739660494e-06
154,155,1.752822739660494e-06,1.752822739660494e-06
155,156,0.00036393435449160334,0.00036393435449160334
156,157,0.0,0.0
157,158,0.0,0.0
158,159,0.0,0.0
159,160,0.0,0.0
160,161,0.000842285724370969,0.000842285724370969
161,162,0.015047777716932779,0.015047777716932779
162,163,0.0678766825133932,0.0678766825133932
163,164,0.0002400520963096474,0.0002400520963096474
164,165,0.0,0.0
165,166,0.0,0.0
166,167,0.006507432995933093,0.006507432995933093
167,168,0.0,0.0
168,169,0.0,0.0
169,170,0.0,0.0
170,171,0.0006025841926094686,0.0006025841926094686
171,172,3.856210027333636e-06,3.856210027333636e-06
172,173,0.03940596958236034,0.03940596958236034
173,174,0.07731360210996337,0.07731360210996337
174,175,0.08226306581269142,0.08226306581269142
175,176,0.04684004138595823,0.04684004138595823
176,177,0.03706289285139664,0.03706289285139664
177,178,0.02857820327449048,0.02857820327449048
178,179,0.0010858434661598032,0.0010858434661598032
179,180,0.08229281544553557,0.08229281544553557
180,181,0.062113848617282835,0.062113848617282835
181,182,0.0003572736280807055,0.0003572736280807055
182,183,0.0,0.0
183,184,0.0020492069323292984,0.0020492069323292984
184,185,0.00048255814445471204,0.00048255814445471204
185,186,0.0,0.0
186,187,0.0,0.0
187,188,0.0009658174180051809,0.0009658174180051809
188,189,0.0013251944333734253,0.0013251944333734253
189,190,0.061918668783109546,0.061918668783109546
190,191,0.15806146750429853,0.15806146750429853
191,192,0.15806146750429853,0.15806146750429853
192,193,0.15806146750429853,0.15806146750429853
193,194,0.0,0.0
194,195,0.0,0.0
195,196,0.0,0.0
196,197,0.0,0.0
197,198,0.00024145435450129523,0.00024145435450129523
198,199,0.0,0.0
199,200,0.0,0.0
200,201,0.003112396675632782,0.003112396675632782
201,202,0.011934111755867616,0.011934111755867616
202,203,0.013751680141038095,0.013751680141038095
203,204,0.09785834073447636,0.09785834073447636
204,205,0.0,0.0
205,206,0.00048290870900259046,0.00048290870900259046
206,207,0.055042647386100034,0.055042647386100034
207,208,0.006254325392321124,0.006254325392321124
208,209,0.00048290870900259046,0.00048290870900259046
209,210,0.00024110378995328258,0.00024110378995328258
210,211,0.00024145435450129523,0.00024145435450129523
211,212,0.0,0.0
212,213,0.0,0.0
213,214,0.00012002604815462232,0.00012002604815462232
214,215,0.007612605865960293,0.007612605865960293
215,216,0.0553725890678743,0.0553725890678743
216,217,0.0012055189497666814,0.0012055189497666814
217,218,0.001615727824586154,0.001615727824586154
218,219,0.001615727824586154,0.001615727824586154
219,220,0.00024110378995328258,0.00024110378995328258
220,221,0.0,0.0
221,222,0.0007194551598326483,0.0007194551598326483
222,223,0.0587716991899903,0.0587716991899903
223,224,0.07629957602240044,0.07629957602240044
224,225,0.492495718579353,0.492495718579353
225,226,0.4012336849979284,0.4012336849979284
226,227,0.39712966210050293,0.39712966210050293
227,228,0.4067783710377592,0.4067783710377592
228,229,0.033660277083801066,0.033660277083801066
229,230,0.001683519755097766,0.001683519755097766
230,231,0.0,0.0
231,232,0.0,0.0
232,233,0.0,0.0
233,234,0.0003621815317518086,0.0003621815317518086
234,235,0.00012072717725051336,0.00012072717725051336
235,236,0.0,0.0
236,237,0.0,0.0
237,238,0.0,0.0
238,239,0.0,0.0
239,240,0.0,0.0
240,241,0.00012072717725051336,0.00012072717725051336
241,242,0.001083389514324386,0.001083389514324386
242,243,0.01597985631930665,0.01597985631930665
243,244,0.028503762706000618,0.028503762706000618
244,245,0.0,0.0
245,246,0.0,0.0
246,247,0.0,0.0
247,248,0.041148831453521786,0.041148831453521786
248,249,0.0,0.0
249,250,0.0,0.0
250,251,0.0,0.0
251,252,0.0,0.0
252,253,0.0,0.0
